{"MSE": 2.4539212288424617, "_timestamp": 1685701684.1748781, "_runtime": 4.9639670848846436, "_step": 0, "_wandb": {"runtime": 4}}