{"MSE": 2.4642171505142065, "_timestamp": 1685701636.829995, "_runtime": 4.252702951431274, "_step": 0, "_wandb": {"runtime": 4}}