{"MSE": 2.4545050331730653, "_timestamp": 1685701668.6840677, "_runtime": 4.848140716552734, "_step": 0, "_wandb": {"runtime": 4}}