{"MSE": 2.453983836538874, "_timestamp": 1685701220.8230503, "_runtime": 14.096909284591675, "_step": 0, "_wandb": {"runtime": 13}}