{"MSE": 2.4554229682041786, "_timestamp": 1685701652.8532274, "_runtime": 4.633413314819336, "_step": 0, "_wandb": {"runtime": 4}}