{"MSE": 2.4506154270067286, "_timestamp": 1685701705.6386595, "_runtime": 10.929364442825317, "_step": 0, "_wandb": {"runtime": 10}}